{
  "config": {
    "sample_edges": 250000,
    "temporal_train_frac": 0.7,
    "min_fan_degree": 3,
    "precision_at_k": [
      50,
      100,
      500,
      1000
    ],
    "fixed_recall": 0.5,
    "windows": {
      "fan_window_h": 24.0,
      "cycle_window_h": 168.0,
      "gather_scatter_window_h": 72.0
    }
  },
  "GNN": {
    "model": "GNN",
    "threshold": 0.9690152406692505,
    "minority_f1": 0.2672590567327409,
    "pr_auc": 0.2689911676855771,
    "n_test": 75000,
    "n_illicit": 2304,
    "p@50": 1.0,
    "p@100": 0.97,
    "p@500": 0.754,
    "p@1000": 0.454,
    "target_recall": 0.5,
    "review_fraction": 0.1292,
    "alert_reduction": 0.8708,
    "recall_by_motif": {
      "cycle": 0.35251798561151076,
      "gather_scatter": 0.3923766816143498,
      "fan_out": 0.07317073170731707,
      "random": 0.25210084033613445,
      "scatter_gather": 0.2120253164556962,
      "bipartite": 0.08653846153846154,
      "fan_in": 0.16167664670658682,
      "stack": 0.07441860465116279
    }
  },
  "LightGBM": {
    "model": "LightGBM",
    "threshold": 0.8767689150169944,
    "minority_f1": 0.42146017699115046,
    "pr_auc": 0.3974990831678235,
    "n_test": 75000,
    "n_illicit": 2304,
    "p@50": 1.0,
    "p@100": 1.0,
    "p@500": 0.896,
    "p@1000": 0.682,
    "target_recall": 0.5,
    "review_fraction": 0.08042666666666666,
    "alert_reduction": 0.9195733333333334,
    "recall_by_motif": {
      "cycle": 0.3237410071942446,
      "gather_scatter": 0.6457399103139013,
      "fan_out": 0.573170731707317,
      "random": 0.1092436974789916,
      "scatter_gather": 0.6329113924050633,
      "bipartite": 0.09615384615384616,
      "fan_in": 0.5329341317365269,
      "stack": 0.04186046511627907
    }
  },
  "Hybrid": {
    "model": "Hybrid",
    "threshold": 0.9649501328837196,
    "minority_f1": 0.3425559947299078,
    "pr_auc": 0.3587195339929381,
    "n_test": 75000,
    "n_illicit": 2304,
    "p@50": 1.0,
    "p@100": 1.0,
    "p@500": 0.86,
    "p@1000": 0.606,
    "target_recall": 0.5,
    "review_fraction": 0.09666666666666666,
    "alert_reduction": 0.9033333333333333,
    "recall_by_motif": {
      "cycle": 0.33093525179856115,
      "gather_scatter": 0.4910313901345291,
      "fan_out": 0.15853658536585366,
      "random": 0.18487394957983194,
      "scatter_gather": 0.3449367088607595,
      "bipartite": 0.08653846153846154,
      "fan_in": 0.38922155688622756,
      "stack": 0.05581395348837209
    }
  },
  "Random": {
    "model": "Random",
    "threshold": 0.061166344490404034,
    "minority_f1": 0.05970723661604013,
    "pr_auc": 0.03101730308646089,
    "n_test": 75000,
    "n_illicit": 2304,
    "p@50": 0.12,
    "p@100": 0.06,
    "p@500": 0.032,
    "p@1000": 0.029,
    "target_recall": 0.5,
    "review_fraction": 0.5018933333333333,
    "alert_reduction": 0.4981066666666667,
    "recall_by_motif": {
      "cycle": 0.9496402877697842,
      "gather_scatter": 0.9596412556053812,
      "fan_out": 0.9512195121951219,
      "random": 0.8991596638655462,
      "scatter_gather": 0.939873417721519,
      "bipartite": 0.9615384615384616,
      "fan_in": 0.9700598802395209,
      "stack": 0.9116279069767442
    }
  },
  "trace_facts": {
    "motif_type": "cycle",
    "n_accounts": 10,
    "n_transactions": 10,
    "total_amount": 2280382.15,
    "span_hours": 87.8,
    "confidence": 0.5,
    "focus_account": "0024856_8090E8EB0"
  },
  "narrative": "**Suspicious Activity Narrative**\n\nAccount 0024856_8090E8EB0 participated in a 10-account transaction cycle totaling $2,280,382.15 over 87.8 hours (approximately 3.7 days). The pattern involved 10 transactions distributed across multiple accounts, consistent with potential layering or value circulation schemes. However, confidence level is moderate (0.5), suggesting incomplete pattern matching or ambiguous behavioral indicators.\n\n**Recommendation:** Enhanced Review\n\nInitiate deeper investigation into account relationships, transaction purposes, and beneficial ownership before SAR determination."
}